01	2026-02-26T05:33:57Z	2026-02-26T05:33:57Z	0	bun run beep docs laws	outputs/p7-verification/logs/required-01.log
02	2026-02-26T05:33:57Z	2026-02-26T05:33:58Z	0	bun run beep docs skills	outputs/p7-verification/logs/required-02.log
03	2026-02-26T05:33:58Z	2026-02-26T05:33:58Z	0	bun run beep docs policies	outputs/p7-verification/logs/required-03.log
04	2026-02-26T05:33:58Z	2026-02-26T05:33:58Z	0	bun run --cwd packages/common/ontology check	outputs/p7-verification/logs/required-04.log
05	2026-02-26T05:33:58Z	2026-02-26T05:33:58Z	0	bun run --cwd packages/common/ontology lint	outputs/p7-verification/logs/required-05.log
06	2026-02-26T05:33:58Z	2026-02-26T05:34:01Z	0	bun run --cwd packages/common/ontology test	outputs/p7-verification/logs/required-06.log
07	2026-02-26T05:34:01Z	2026-02-26T05:34:06Z	0	bun run --cwd packages/common/ontology docgen	outputs/p7-verification/logs/required-07.log
08	2026-02-26T05:34:06Z	2026-02-26T05:34:11Z	2	bun run check	outputs/p7-verification/logs/required-08.log
09	2026-02-26T05:34:11Z	2026-02-26T05:34:13Z	1	bun run lint	outputs/p7-verification/logs/required-09.log
10	2026-02-26T05:34:13Z	2026-02-26T05:34:36Z	0	bun run test	outputs/p7-verification/logs/required-10.log
11	2026-02-26T05:34:36Z	2026-02-26T05:34:47Z	1	bun run docgen	outputs/p7-verification/logs/required-11.log
